{"song":{"bpm":103,"needsVoices":true,"notes":[{"altAnim":false,"bpm":103,"changeBPM":false,"lengthInSteps":0,"mustHitSection":true,"typeOfSection":0,"sectionNotes":[[9611.650485436894,4,0],[9902.912621359224,6,0],[10194.174757281555,7,0],[10485.436893203885,5,0],[10776.699029126215,6,0],[11067.961165048546,5,0],[11359.223300970876,4,0],[11504.854368932041,7,0],[11650.485436893206,4,0],[11941.747572815537,5,0],[12233.009708737867,4,0],[12524.271844660198,7,0],[12815.533980582528,6,0],[13106.796116504858,5,0],[13398.058252427189,4,0],[13980.58252427185,0,0],[14271.84466019418,1,0],[14563.10679611651,3,0],[14854.36893203884,2,0],[15145.63106796117,3,0],[15436.893203883501,1,0],[15728.155339805831,0,0],[16165.048543689327,0,0],[16310.679611650492,3,0],[16310.679611650492,7,0],[16601.941747572822,2,0],[16601.941747572822,5,0],[16893.203883495153,1,0],[16893.203883495153,4,0],[17184.466019417483,0,0],[17184.466019417483,7,0],[17475.728155339813,3,0],[17475.728155339813,5,0],[17766.990291262144,1,0],[17766.990291262144,6,0],[18058.252427184474,2,0],[18058.252427184474,4,0],[18349.514563106804,0,0],[18349.514563106804,6,0],[18640.776699029135,2,0],[18932.038834951465,6,0],[19223.300970873795,7,0],[19514.563106796126,5,0],[19805.825242718456,6,0],[20097.087378640786,5,0],[20388.349514563117,4,0],[20533.98058252428,7,0],[20679.611650485444,4,0],[20970.873786407774,5,0],[21262.135922330104,4,0],[21553.398058252435,7,0],[21844.660194174765,6,0],[22135.922330097095,5,0],[22427.184466019426,4,0]]}],"player1":"bf","player2":"dad","sectionLengths":[],"sections":0,"song":"Fnaf1","speed":1.5}}